,Status,Reference,Value,Footprint,LCSC,Part,Manufacturer,Description,Datasheet/Listing
1,Basic,C1,22uF,C0805,C45783,CL21A226MAQNNNE,SAMSUNG(三星),,https://lcsc.com/product-detail/Multilayer-Ceramic-Capacitors-MLCC-SMD-SMT_SAMSUNG_CL21A226MAQNNNE_22uF-226-20-25V_C45783.html
2,Basic,C2,1uF,C_0402,C52923,CL05A105KA5NQNC,Samsung Electro-Mechanics,25V 1uF X5R ±10% 0402 Multilayer Ceramic Capacitors MLCC - SMD/SMT ROHS,https://www.lcsc.com/datasheet/lcsc_datasheet_2304140030_Samsung-Electro-Mechanics-CL05A105KA5NQNC_C52923.pdf
3,Basic,C3,100nF,C_0402,C1525,CL05B104KO5NNNC,Samsung Electro-Mechanics,16V 100nF X7R ±10% 0402 Multilayer Ceramic Capacitors MLCC - SMD/SMT ROHS,https://www.lcsc.com/datasheet/lcsc_datasheet_2304140030_Samsung-Electro-Mechanics-CL05B104KO5NNNC_C1525.pdf
4,Basic,C4,100nF,C_0402,C1525,CL05B104KO5NNNC,Samsung Electro-Mechanics,16V 100nF X7R ±10% 0402 Multilayer Ceramic Capacitors MLCC - SMD/SMT ROHS,https://www.lcsc.com/datasheet/lcsc_datasheet_2304140030_Samsung-Electro-Mechanics-CL05B104KO5NNNC_C1525.pdf
5,Basic,C5,4.7uF,C_0402,C23733,CL05A475MP5NRNC,Samsung Electro-Mechanics,10V 4.7uF X5R ±20% 0402 Multilayer Ceramic Capacitors MLCC - SMD/SMT ROHS,https://www.lcsc.com/datasheet/lcsc_datasheet_2304140030_Samsung-Electro-Mechanics-CL05A475MP5NRNC_C23733.pdf
6,Basic,C6,2.2uF,C_0603,C23630,CL10A225KO8NNNC,Samsung Electro-Mechanics,16V 2.2uF X5R ±10% 0603 Multilayer Ceramic Capacitors MLCC - SMD/SMT ROHS,https://www.lcsc.com/datasheet/lcsc_datasheet_2304140030_Samsung-Electro-Mechanics-CL10A225KO8NNNC_C23630.pdf
7,Basic,C7,1uF,C_0402,C52923,CL05A105KA5NQNC,Samsung Electro-Mechanics,25V 1uF X5R ±10% 0402 Multilayer Ceramic Capacitors MLCC - SMD/SMT ROHS,https://www.lcsc.com/datasheet/lcsc_datasheet_2304140030_Samsung-Electro-Mechanics-CL05A105KA5NQNC_C52923.pdf
8,Basic,C8,4.7uF,C_0402,C23733,CL05A475MP5NRNC,Samsung Electro-Mechanics,10V 4.7uF X5R ±20% 0402 Multilayer Ceramic Capacitors MLCC - SMD/SMT ROHS,https://www.lcsc.com/datasheet/lcsc_datasheet_2304140030_Samsung-Electro-Mechanics-CL05A475MP5NRNC_C23733.pdf
9,Basic,C9,100nF,C_0402,C1525,CL05B104KO5NNNC,Samsung Electro-Mechanics,16V 100nF X7R ±10% 0402 Multilayer Ceramic Capacitors MLCC - SMD/SMT ROHS,https://www.lcsc.com/datasheet/lcsc_datasheet_2304140030_Samsung-Electro-Mechanics-CL05B104KO5NNNC_C1525.pdf
10,Basic,C10,100nF,C_0402,C1525,CL05B104KO5NNNC,Samsung Electro-Mechanics,16V 100nF X7R ±10% 0402 Multilayer Ceramic Capacitors MLCC - SMD/SMT ROHS,https://www.lcsc.com/datasheet/lcsc_datasheet_2304140030_Samsung-Electro-Mechanics-CL05B104KO5NNNC_C1525.pdf
11,Basic,C11,100nF,C_0402,C1525,CL05B104KO5NNNC,Samsung Electro-Mechanics,16V 100nF X7R ±10% 0402 Multilayer Ceramic Capacitors MLCC - SMD/SMT ROHS,https://www.lcsc.com/datasheet/lcsc_datasheet_2304140030_Samsung-Electro-Mechanics-CL05B104KO5NNNC_C1525.pdf
12,Basic,C12,100nF,C_0402,C1525,CL05B104KO5NNNC,Samsung Electro-Mechanics,16V 100nF X7R ±10% 0402 Multilayer Ceramic Capacitors MLCC - SMD/SMT ROHS,https://www.lcsc.com/datasheet/lcsc_datasheet_2304140030_Samsung-Electro-Mechanics-CL05B104KO5NNNC_C1525.pdf
13,Basic,C13,100nF,C_0402,C1525,CL05B104KO5NNNC,Samsung Electro-Mechanics,16V 100nF X7R ±10% 0402 Multilayer Ceramic Capacitors MLCC - SMD/SMT ROHS,https://www.lcsc.com/datasheet/lcsc_datasheet_2304140030_Samsung-Electro-Mechanics-CL05B104KO5NNNC_C1525.pdf
14,Basic,C14,100nF,C_0402,C1525,CL05B104KO5NNNC,Samsung Electro-Mechanics,16V 100nF X7R ±10% 0402 Multilayer Ceramic Capacitors MLCC - SMD/SMT ROHS,https://www.lcsc.com/datasheet/lcsc_datasheet_2304140030_Samsung-Electro-Mechanics-CL05B104KO5NNNC_C1525.pdf
15,Basic,C15,4.7uF,C_0402,C23733,CL05A475MP5NRNC,Samsung Electro-Mechanics,10V 4.7uF X5R ±20% 0402 Multilayer Ceramic Capacitors MLCC - SMD/SMT ROHS,https://www.lcsc.com/datasheet/lcsc_datasheet_2304140030_Samsung-Electro-Mechanics-CL05A475MP5NRNC_C23733.pdf
16,Basic,C16,10uF,C_0603,C19702,CL10A106KP8NNNC,Samsung Electro-Mechanics,10V 10uF X5R ±10% 0603 Multilayer Ceramic Capacitors MLCC - SMD/SMT ROHS,https://www.lcsc.com/datasheet/lcsc_datasheet_2304140030_Samsung-Electro-Mechanics-CL10A106KP8NNNC_C19702.pdf
17,Basic,C17,10uF,C_0603,C19702,CL10A106KP8NNNC,Samsung Electro-Mechanics,10V 10uF X5R ±10% 0603 Multilayer Ceramic Capacitors MLCC - SMD/SMT ROHS,https://www.lcsc.com/datasheet/lcsc_datasheet_2304140030_Samsung-Electro-Mechanics-CL10A106KP8NNNC_C19702.pdf
18,Basic,C18,100nF,C_0402,C1525,CL05B104KO5NNNC,Samsung Electro-Mechanics,16V 100nF X7R ±10% 0402 Multilayer Ceramic Capacitors MLCC - SMD/SMT ROHS,https://www.lcsc.com/datasheet/lcsc_datasheet_2304140030_Samsung-Electro-Mechanics-CL05B104KO5NNNC_C1525.pdf
19,Basic,R1,10kΩ,R_1206,C17902,1206W4F1002T5E,UNI-ROYAL(Uniroyal Elec),250mW Thick Film Resistors 200V ±100ppm/°C ±1% 10kΩ 1206 Chip Resistor - Surface Mount ROHS,https://www.lcsc.com/datasheet/lcsc_datasheet_2206010145_UNI-ROYAL-Uniroyal-Elec-1206W4F1002T5E_C17902.pdf
20,Basic,R3,10kΩ,R_0402,C25744,0402WGF1002TCE,UNI-ROYAL(Uniroyal Elec),62.5mW Thick Film Resistors 50V ±100ppm/°C ±1% 10kΩ 0402 Chip Resistor - Surface Mount ROHS,https://www.lcsc.com/datasheet/lcsc_datasheet_2411221126_UNI-ROYAL-Uniroyal-Elec-0402WGF1002TCE_C25744.pdf
21,Basic,R4,10kΩ,R_0402,C25744,0402WGF1002TCE,UNI-ROYAL(Uniroyal Elec),62.5mW Thick Film Resistors 50V ±100ppm/°C ±1% 10kΩ 0402 Chip Resistor - Surface Mount ROHS,https://www.lcsc.com/datasheet/lcsc_datasheet_2411221126_UNI-ROYAL-Uniroyal-Elec-0402WGF1002TCE_C25744.pdf
22,Basic,R5,1.5kΩ,R_0402,C25867,0402WGF1501TCE,UNI-ROYAL(Uniroyal Elec),62.5mW Thick Film Resistors 50V ±100ppm/°C ±1% 1.5kΩ 0402 Chip Resistor - Surface Mount ROHS,https://www.lcsc.com/datasheet/lcsc_datasheet_2206010045_UNI-ROYAL-Uniroyal-Elec-0402WGF1501TCE_C25867.pdf
23,Basic,R6,3.9k,R0603,C23018,0603WAF3901T5E,UNI-ROYAL(厚声),3.9KΩ (3901) ±1%,https://lcsc.com/product-detail/Chip-Resistor-Surface-Mount-UniOhm_3-9KR-3901-1_C23018.html
24,Basic,R7,47kΩ,R_0402,C25792,0402WGF4702TCE,UNI-ROYAL(Uniroyal Elec),62.5mW Thick Film Resistors 50V ±100ppm/°C ±1% 47kΩ 0402 Chip Resistor - Surface Mount ROHS,https://www.lcsc.com/datasheet/lcsc_datasheet_2206010100_UNI-ROYAL-Uniroyal-Elec-0402WGF4702TCE_C25792.pdf
25,Basic,R8,10kΩ,R_0402,C25744,0402WGF1002TCE,UNI-ROYAL(Uniroyal Elec),62.5mW Thick Film Resistors 50V ±100ppm/°C ±1% 10kΩ 0402 Chip Resistor - Surface Mount ROHS,https://www.lcsc.com/datasheet/lcsc_datasheet_2411221126_UNI-ROYAL-Uniroyal-Elec-0402WGF1002TCE_C25744.pdf
26,Basic,R9,220Ω,R_0402,C25091,0402WGF2200TCE,UNI-ROYAL(Uniroyal Elec),62.5mW Thick Film Resistors 50V ±100ppm/°C ±1% 220Ω 0402 Chip Resistor - Surface Mount ROHS,https://www.lcsc.com/datasheet/lcsc_datasheet_2205311900_UNI-ROYAL-Uniroyal-Elec-0402WGF2200TCE_C25091.pdf
27,Basic,R10,220Ω,R_0402,C25091,0402WGF2200TCE,UNI-ROYAL(Uniroyal Elec),62.5mW Thick Film Resistors 50V ±100ppm/°C ±1% 220Ω 0402 Chip Resistor - Surface Mount ROHS,https://www.lcsc.com/datasheet/lcsc_datasheet_2205311900_UNI-ROYAL-Uniroyal-Elec-0402WGF2200TCE_C25091.pdf
28,Basic,R11,5.1kΩ,R_0402,C25905,0402WGF5101TCE,UNI-ROYAL(Uniroyal Elec),62.5mW Thick Film Resistors 50V ±100ppm/°C ±1% 5.1kΩ 0402 Chip Resistor - Surface Mount ROHS,https://www.lcsc.com/datasheet/lcsc_datasheet_2206010045_UNI-ROYAL-Uniroyal-Elec-0402WGF5101TCE_C25905.pdf
29,Basic,R12,5.1kΩ,R_0402,C25905,0402WGF5101TCE,UNI-ROYAL(Uniroyal Elec),62.5mW Thick Film Resistors 50V ±100ppm/°C ±1% 5.1kΩ 0402 Chip Resistor - Surface Mount ROHS,https://www.lcsc.com/datasheet/lcsc_datasheet_2206010045_UNI-ROYAL-Uniroyal-Elec-0402WGF5101TCE_C25905.pdf
30,Basic,R13,10kΩ,R_0402,C25744,0402WGF1002TCE,UNI-ROYAL(Uniroyal Elec),62.5mW Thick Film Resistors 50V ±100ppm/°C ±1% 10kΩ 0402 Chip Resistor - Surface Mount ROHS,https://www.lcsc.com/datasheet/lcsc_datasheet_2411221126_UNI-ROYAL-Uniroyal-Elec-0402WGF1002TCE_C25744.pdf
31,Basic,R14,100Ω,R_0402,C25076,0402WGF1000TCE,UNI-ROYAL(Uniroyal Elec),62.5mW Thick Film Resistors 50V ±1% ±200ppm/°C 100Ω 0402 Chip Resistor - Surface Mount ROHS,https://www.lcsc.com/datasheet/lcsc_datasheet_2205311900_UNI-ROYAL-Uniroyal-Elec-0402WGF1000TCE_C25076.pdf
32,Basic,R15,10kΩ,R_0402,C25744,0402WGF1002TCE,UNI-ROYAL(Uniroyal Elec),62.5mW Thick Film Resistors 50V ±100ppm/°C ±1% 10kΩ 0402 Chip Resistor - Surface Mount ROHS,https://www.lcsc.com/datasheet/lcsc_datasheet_2411221126_UNI-ROYAL-Uniroyal-Elec-0402WGF1002TCE_C25744.pdf
33,Basic,R16,10kΩ,R_0402,C25744,0402WGF1002TCE,UNI-ROYAL(Uniroyal Elec),62.5mW Thick Film Resistors 50V ±100ppm/°C ±1% 10kΩ 0402 Chip Resistor - Surface Mount ROHS,https://www.lcsc.com/datasheet/lcsc_datasheet_2411221126_UNI-ROYAL-Uniroyal-Elec-0402WGF1002TCE_C25744.pdf
34,Basic,R17,10kΩ,R_0402,C25744,0402WGF1002TCE,UNI-ROYAL(Uniroyal Elec),62.5mW Thick Film Resistors 50V ±100ppm/°C ±1% 10kΩ 0402 Chip Resistor - Surface Mount ROHS,https://www.lcsc.com/datasheet/lcsc_datasheet_2411221126_UNI-ROYAL-Uniroyal-Elec-0402WGF1002TCE_C25744.pdf
35,Basic,R18,R_Photo,R_LDR_5.1x4.3mm_P3.4mm_Vertical,,,,Photoresistor,
36,Basic,R19,10kΩ,R_0402,C25744,0402WGF1002TCE,UNI-ROYAL(Uniroyal Elec),62.5mW Thick Film Resistors 50V ±100ppm/°C ±1% 10kΩ 0402 Chip Resistor - Surface Mount ROHS,https://www.lcsc.com/datasheet/lcsc_datasheet_2411221126_UNI-ROYAL-Uniroyal-Elec-0402WGF1002TCE_C25744.pdf
37,Basic,R20,10kΩ,R_0402,C25744,0402WGF1002TCE,UNI-ROYAL(Uniroyal Elec),62.5mW Thick Film Resistors 50V ±100ppm/°C ±1% 10kΩ 0402 Chip Resistor - Surface Mount ROHS,https://www.lcsc.com/datasheet/lcsc_datasheet_2411221126_UNI-ROYAL-Uniroyal-Elec-0402WGF1002TCE_C25744.pdf
38,Basic,R21,10kΩ,R_0402,C25744,0402WGF1002TCE,UNI-ROYAL(Uniroyal Elec),62.5mW Thick Film Resistors 50V ±100ppm/°C ±1% 10kΩ 0402 Chip Resistor - Surface Mount ROHS,https://www.lcsc.com/datasheet/lcsc_datasheet_2411221126_UNI-ROYAL-Uniroyal-Elec-0402WGF1002TCE_C25744.pdf
39,,D1,PGOOD,D_0805,C2297,KT-0805G,Hubei KENTO Elec,Emerald 0805 LED Indication - Discrete ROHS,https://www.lcsc.com/datasheet/lcsc_datasheet_1806151820_Hubei-KENTO-Elec-KT-0805G_C2297.pdf
40,,D2,CHG,LED_D3.0mm,,,,Light emitting diode,
41,,D3,B5819W_C8598,SOD-123_L2.7-W1.6-LS3.7-RD-1,C8598,B5819W SL,CJ(江苏长电/长晶),B5819W SL,https://lcsc.com/product-detail/Schottky-Barrier-Diodes-SBD_B5819W-SL_C8598.html
42,,D6,PTVSUC3D5VB,SOD-323_L1.8-W1.3-LS2.5-BI,C918847,PTVSUC3D5VB,Prisemi(芯导),,https://lcsc.com/product-detail/TVS_Shanghai-Prisemi-Elec-PTVSUC3D5VB_C918847.html
43,,D7,PTVSUC3D5VB,SOD-323_L1.8-W1.3-LS2.5-BI,C918847,PTVSUC3D5VB,Prisemi(芯导),,https://lcsc.com/product-detail/TVS_Shanghai-Prisemi-Elec-PTVSUC3D5VB_C918847.html
44,,U1,ESP32-S3-WROOM-1,ESP32-S3-WROOM-1-Custom,,,,"RF Module, ESP32-S3 SoC, Wi-Fi 802.11b/g/n, Bluetooth, BLE, 32-bit, 3.3V, onboard antenna, SMD",https://www.espressif.com/sites/default/files/documentation/esp32-s3-wroom-1_wroom-1u_datasheet_en.pdf
45,,U2,BQ24079RGT,VQFN-16-1EP_3x3mm_P0.5mm_EP1.6x1.6mm,,,,"USB-Friendly Li-Ion Battery Charger and Power-Path Management, VQFN-16",http://www.ti.com/lit/ds/symlink/bq24079.pdf
46,,U3,TLV75533PDBV,SOT-23-5,,,,"500mA Low Dropout Voltage Regulator, Fixed Output 3.3V, SOT-23-5",http://www.ti.com/lit/ds/symlink/tlv755p.pdf
47,Extended - JLC Assembly,U4,BMI323,BMI323_BOS,,,,,
48,Extended - JLC Assembly,CN1,HC-1.25-2PWT,CONN-SMD_2P-P1.25-HC-1.25-2PWT,C2845379,HC-1.25-2PWT,HCTL(华灿天禄),,https://www.lcsc.com/datasheet/C2845379.pdf
49,Extended - JLC Assembly,LS1,SMT-0540-T-9-R,XDCR_SMT-0540-T-9-R,C3812059,SMT-0540-T-9-R,,,
50,Basic,Q2,AO3400A,Q_SOT-23,C20917,AO3400A,Alpha & Omega Semicon,"30V 5.7A 26.5mΩ@10V,5.7A 1.4W 1.5V@250uA 1 N-Channel SOT-23-3L MOSFETs ROHS",https://www.lcsc.com/datasheet/lcsc_datasheet_1811081213_Alpha---Omega-Semicon-AO3400A_C20917.pdf
51,Basic,S1,RESET,SW_TS-1088-AR02016,C720477,TS-1088-AR02016,XUNPU,Without 50mA 4mm 100MΩ 100000 Times 12V 160gf 3mm 2mm Round Button Standing paste SPST SMD Tactile Switches ROHS,https://www.lcsc.com/datasheet/lcsc_datasheet_2304140030_XUNPU-TS-1088-AR02016_C720477.pdf
52,Basic,S2,BOOT,SW_TS-1088-AR02016,C720477,TS-1088-AR02016,XUNPU,Without 50mA 4mm 100MΩ 100000 Times 12V 160gf 3mm 2mm Round Button Standing paste SPST SMD Tactile Switches ROHS,https://www.lcsc.com/datasheet/lcsc_datasheet_2304140030_XUNPU-TS-1088-AR02016_C720477.pdf
53,Digikey,S4,BTN_A,SW_TS02-66-160-BK-160-LCR-D, ,TS02-66-160-BK-160-LCR-D,,,
54,Digikey,S5,BTN_B,SW_TS02-66-160-BK-160-LCR-D, ,TS02-66-160-BK-160-LCR-D,,,
55,Digikey,S6,BTN_C,SW_TS02-66-160-BK-160-LCR-D, ,TS02-66-160-BK-160-LCR-D,,,
56,Extended - Self Solder,S7,SLW-864574-5A-RA-N-D,SW_SLW-864574-5A-RA-N-D, ,TS02-66-160-BK-160-LCR-D,,,
57,Extended - JLC Assembly,J1,2171790001,2171790001_MOL,C3197684,,,,https://www.molex.com/en-us/products/part-detail-pdf/2171790001?display=pdf
58,Amazon,J2,Conn_01x08_Pin,PinHeader_1x08_P2.54mm_Vertical,,,,"Generic connector, single row, 01x08, script generated",
59,M2 Self-Tapping Flat Head Screws,,,,,,,,https://www.amazon.com/gp/product/B0CY986CCR/ref=ox_sc_act_title_1?smid=A149PLON3AQQ4N&psc=1
60,"1.54"" SPI TFT Display Module",,,,,,,,https://www.amazon.com/gp/product/B0DN9NMBFW/ref=ox_sc_act_title_4?smid=A1ASY00QOMN6RD&psc=1
61,LiPo Battery 3.7V 1.15Ah,,,,,,,,https://www.digikey.com/en/products/detail/jauch-quartz/LP384260JU-PCM-MOLEX-51021-0200-35MM/22528194
62,,,,,,,,,
63,,,,,,,,,
64,,,,,,,,,